{"mean":[-0.19997216761112213,-0.5750298500061035,1.5189691112027504e-05,0.200003519654274,-0.5749510526657104,-4.356138742878102e-05,-0.25003910064697266,-0.20000125467777252,0.060006700456142426,0.25005558133125305,-0.1999778151512146,0.05998794361948967,-0.2500424385070801,3.0368679290404543e-05,1.3734624189964961e-05,0.24998779594898224,-3.1073804507286695e-07,3.963936978834681e-05,-0.11994067579507828,-0.07499031722545624,3.560331970220432e-05,0.12000683695077896,-0.0749518871307373,-2.9051112505840138e-05,-0.11997877061367035,0.27501180768013,5.2389073971426114e-05,0.12000437825918198,0.27493900060653687,5.837021944898879e-06,-0.11996051669120789,0.5999917984008789,-9.109041457122657e-06,0.12004558742046356,0.5999760627746582,-6.999797187745571e-05,-0.00011350007844157517,-0.9750030636787415,-3.276301868027076e-05,-0.09996975213289261,-0.8749666810035706,-6.706933345412835e-05,0.10000772774219513,-0.8749698996543884,5.0381364417262375e-05,-0.04996766149997711,-0.8249723315238953,3.874654430546798e-05,0.04999759793281555,-0.8249847292900085,6.445815233746544e-05],"std":[0.007988505065441132,0.07538866996765137,0.00796441175043583,0.00802324153482914,0.07545897364616394,0.007997744716703892,0.008022038266062737,0.07117601484060287,0.04322470724582672,0.007976633496582508,0.07121625542640686,0.04306425899267197,0.008018226362764835,0.21225124597549438,0.008056985214352608,0.00791564304381609,0.21224036812782288,0.007977538742125034,0.008013858459889889,0.07548899948596954,0.008011980913579464,0.00798882357776165,0.0754607766866684,0.008043169975280762,0.008000870235264301,0.22516889870166779,0.008039114996790886,0.008021284826099873,0.22519899904727936,0.008007701486349106,0.007979626767337322,0.40002667903900146,0.00793981272727251,0.007996710017323494,0.40017038583755493,0.008038786239922047,0.008014123886823654,0.07547684013843536,0.008001917041838169,0.007987427525222301,0.07533791661262512,0.007970325648784637,0.008023596368730068,0.07537949830293655,0.007991745136678219,0.008001997135579586,0.07549529522657394,0.008015934377908707,0.007995419204235077,0.07543408125638962,0.00796137098222971]}